{
	"schemaVersion": 2,
	"type": "monocolor",
	"color": {"red": 0.137, "green": 0.157, "blue": 0.188, "alpha": 1.0},
	"blend": {"type" : "alpha"},
	"properties": {
		"priority": 1,
		"fade": {
			"startFadeIn": 10000,
			"endFadeIn": 13000,
			"startFadeOut": 21000,
			"endFadeOut": 23000,
			"alwaysOn": false
			},
		"rotation": {
			"rotationSpeedY": 0.866,
			"static": [0.0, 0.0, 0.0],
			"axis": [0.0, -180.0, 0.0]
		},
		"transitionInDuration": 10,
		"transitionOutDuration": 15,
		"changeFog": false,
		"fogColors": {"red": 0.84, "green": 0.91, "blue": 0.97, "alpha": 1.0},
		"sunSkyTint": false,
		"inThickFog": true,
		"minAlpha": 0.0,
		"maxAlpha": 1.0
	},
	"conditions": {
		"worlds": ["minecraft:overworld"],
		"dimensions": [],
		"weather": ["clear", "rain", "thunder", "snow"],
		"biomes": [],
		"xRanges": [],
		"yRanges": [],
		"zRanges": [],
		"loop": {},
		"effects": []
	},
	"decorations": {
		"blend": {"type" : "decorations"},
		"sun": "minecraft:textures/environment/sun.png",
		"moon": "minecraft:textures/environment/moon_phases.png",
		"showSun": true,
		"showMoon": true,
		"showStars": true
	}
}